{
  "experimento": "Audio_Fononico",
  "substrato": "harmônicos musicais dó-mi-sol (φ não está nos dados)",
  "referencia_audio_eco": {
    "G": 0.4853,
    "G_eco_phi": 0.9738,
    "delta": 0.4885
  },
  "pergunta": "eco_fononico generaliza para áudio? qual k o campo de áudio produz?",
  "harmonicos": [
    1.0,
    1.25,
    1.5,
    2.0,
    2.5,
    3.0
  ],
  "n_seeds": 20,
  "n_epochs": 60,
  "n_pc_train": 400,
  "n_pc_test": 100,
  "dim": 128,
  "dim_dual": 256,
  "hidden": 89,
  "timestamp": 1775980604,
  "seeds": [
    1775980604,
    1775980741,
    1775980878,
    1775981015,
    1775981152,
    1775981289,
    1775981426,
    1775981563,
    1775981700,
    1775981837,
    1775981974,
    1775982111,
    1775982248,
    1775982385,
    1775982522,
    1775982659,
    1775982796,
    1775982933,
    1775983070,
    1775983207
  ],
  "resultados": {
    "G": {
      "mean": 0.5185000000000001,
      "std": 0.02788816953476869,
      "values": [
        0.51,
        0.505,
        0.52,
        0.54,
        0.5,
        0.53,
        0.545,
        0.46,
        0.56,
        0.55,
        0.505,
        0.535,
        0.48,
        0.525,
        0.51,
        0.545,
        0.505,
        0.57,
        0.485,
        0.49
      ]
    },
    "G_eco_phi": {
      "mean": 0.9685,
      "std": 0.0149248115565993,
      "delta": 0.44999999999999996,
      "p_value": 8.720229793087962e-05,
      "values": [
        0.935,
        0.97,
        0.97,
        0.96,
        0.99,
        0.98,
        0.965,
        0.965,
        0.955,
        0.99,
        0.955,
        0.96,
        0.98,
        0.965,
        0.975,
        0.985,
        0.995,
        0.965,
        0.965,
        0.945
      ]
    },
    "G_eco_fononico": {
      "mean": 0.9800000000000001,
      "std": 0.01214495780149113,
      "delta": 0.4615,
      "p_value": 8.670731863656777e-05,
      "values": [
        0.95,
        0.985,
        0.98,
        0.97,
        0.98,
        0.98,
        0.975,
        0.99,
        0.98,
        0.99,
        0.96,
        0.98,
        0.98,
        0.99,
        0.995,
        0.985,
        1.0,
        0.995,
        0.965,
        0.97
      ]
    },
    "G_dual_phi": {
      "mean": 0.9572500000000002,
      "std": 0.013736356867816145,
      "delta": 0.4387500000000001,
      "p_value": 8.769942375590214e-05,
      "values": [
        0.93,
        0.935,
        0.95,
        0.96,
        0.965,
        0.96,
        0.97,
        0.965,
        0.965,
        0.975,
        0.95,
        0.975,
        0.95,
        0.97,
        0.975,
        0.955,
        0.97,
        0.945,
        0.94,
        0.94
      ]
    },
    "G_dual_fononico": {
      "mean": 0.97775,
      "std": 0.009807522622966525,
      "delta": 0.45924999999999994,
      "p_value": 8.658390851382302e-05,
      "values": [
        0.95,
        0.97,
        0.99,
        0.975,
        0.97,
        0.97,
        0.975,
        0.98,
        0.98,
        0.985,
        0.97,
        0.99,
        0.985,
        0.995,
        0.98,
        0.985,
        0.985,
        0.97,
        0.975,
        0.975
      ]
    }
  },
  "comparacoes": {
    "dual_fononico_vs_dual_phi": {
      "delta": 0.02049999999999985,
      "p_value": 8.487016270161307e-05
    },
    "dual_fononico_vs_eco_fononico": {
      "delta": -0.0022500000000000853,
      "p_value": 0.29450739368011014
    },
    "dual_fononico_vs_eco_phi": {
      "delta": 0.00924999999999998,
      "p_value": 0.013545426010553464
    }
  },
  "estado_fononico_audio": {
    "k_otimos": [
      1.417901880688725,
      1.4177902849928472,
      1.4178557430061083,
      1.4179822825676285,
      1.4178354112845402,
      1.4179023061709877,
      1.4178737551844618,
      1.4178274518732241,
      1.4179731270749334,
      1.4178818267664217,
      1.4179209964780013,
      1.4177985554589239,
      1.4179233359633021,
      1.417976503197765,
      1.4177505755291782,
      1.4178295834364276,
      1.4179774738602762,
      1.4179107808176232,
      1.417858227065768,
      1.41790730887571
    ],
    "coh_campos": [
      0.018095920910357166,
      0.01754840122422241,
      0.017869556539342413,
      0.018490395008624705,
      0.017769803428579145,
      0.01809800844530307,
      0.01795792932255036,
      0.01773075233121124,
      0.018445475601586936,
      0.01799753076046051,
      0.01818970831732214,
      0.017588978443216607,
      0.018201186486327514,
      0.01846203980416239,
      0.01735357549269445,
      0.017741210376272853,
      0.018466802145839623,
      0.018139587431208026,
      0.017881744030575963,
      0.01812255311342681
    ],
    "k_medio": 1.4178838705146426,
    "coh_media": 0.018007557960664215
  },
  "ranking": [
    {
      "pos": 1,
      "modo": "G_eco_fononico",
      "mean": 0.9800000000000001
    },
    {
      "pos": 2,
      "modo": "G_dual_fononico",
      "mean": 0.97775
    },
    {
      "pos": 3,
      "modo": "G_eco_phi",
      "mean": 0.9685
    },
    {
      "pos": 4,
      "modo": "G_dual_phi",
      "mean": 0.9572500000000002
    },
    {
      "pos": 5,
      "modo": "G",
      "mean": 0.5185000000000001
    }
  ]
}