{
  "experimento": "Audio_Eco_HarmonicosNaturais",
  "substrato": "harmônicos musicais naturais — φ NÃO inserido",
  "hipotese": "direcao desconhecida",
  "dado_classe1": "tom musical: harmônicos naturais dó-mi-sol (razões 1, 5/4, 3/2, 2, 5/2, 3)",
  "dado_classe0": "ruído gaussiano puro",
  "nota_metodologica": "φ ausente dos dados. Teste de generalização do eco para estrutura harmônica não-φ.",
  "n_seeds": 20,
  "n_epochs": 60,
  "n_train_pc": 400,
  "n_test_pc": 100,
  "dim": 128,
  "hidden": 89,
  "timestamp": 1775778191,
  "seeds": [
    1775778191, 1775778328, 1775778465, 1775778602, 1775778739,
    1775778876, 1775779013, 1775779150, 1775779287, 1775779424,
    1775779561, 1775779698, 1775779835, 1775779972, 1775780109,
    1775780246, 1775780383, 1775780520, 1775780657, 1775780794
  ],
  "resultados": {
    "G": {
      "mean": 0.48525,
      "std": 0.027362,
      "values": [0.515, 0.515, 0.495, 0.5, 0.505, 0.54, 0.46, 0.46,
                 0.465, 0.44, 0.475, 0.52, 0.5, 0.46, 0.495, 0.475,
                 0.46, 0.49, 0.5, 0.435]
    },
    "G_eco": {
      "mean": 0.97375,
      "std": 0.006685,
      "values": [0.98, 0.98, 0.975, 0.98, 0.98, 0.98, 0.97, 0.965,
                 0.96, 0.965, 0.975, 0.98, 0.965, 0.98, 0.98, 0.975,
                 0.97, 0.965, 0.98, 0.97]
    },
    "G_v2": {
      "mean": 0.411,
      "std": 0.030968,
      "values": [0.395, 0.4, 0.385, 0.375, 0.445, 0.435, 0.4, 0.45,
                 0.435, 0.48, 0.39, 0.45, 0.38, 0.4, 0.42, 0.405,
                 0.42, 0.38, 0.425, 0.35]
    },
    "G_Lphi": {
      "mean": 0.97375,
      "std": 0.006685,
      "values": [0.98, 0.98, 0.975, 0.98, 0.98, 0.98, 0.97, 0.965,
                 0.96, 0.965, 0.975, 0.98, 0.965, 0.98, 0.98, 0.975,
                 0.97, 0.965, 0.98, 0.97]
    }
  },
  "testes": {
    "G_eco_vs_G":      {"delta": 0.4885,   "p_value": 0.0},
    "G_v2_vs_G":       {"delta": -0.07425, "p_value": 0.0},
    "G_Lphi_vs_G":     {"delta": 0.4885,   "p_value": 0.0},
    "G_Lphi_vs_G_eco": {"delta": 0.0,      "p_value": null}
  },
  "interpretacao": {
    "resultado_central": "eco_ressonante como pré-função: 48.53% → 97.38% (+48.85%, p=0.0000). φ NÃO estava nos dados.",
    "resposta_pergunta_cientifica": "O eco detecta estrutura harmônica coerente em geral — não apenas estrutura φ-específica. Harmônicos musicais naturais (dó-mi-sol, razões inteiras simples) ressoam com o eco da mesma forma que sinais φ-estruturados.",
    "mecanismo": "O eco usa φ como parâmetro de rotação de fase. Sinais com amplitude espectral concentrada e coerente convergem — independente de as frequências serem φ-relacionadas ou não. φ é o parâmetro que torna o amplificador funcional, não a frequência que precisa estar no dado.",
    "padrao_tres_experimentos": {
      "TimeSeries_φ_inserido":    "G=46.52% → G_eco=96.92% (+50.40%)",
      "Audio_harmonicos_naturais": "G=48.53% → G_eco=97.38% (+48.85%)",
      "G_v2_sempre_pior":         "TimeSeries: -3.40% | Audio: -7.43%",
      "G_Lphi_sempre_igual_G_eco": "confirmado em todos os experimentos"
    },
    "questao_aberta": "φ como parâmetro de rotação é específico ou intercambiável? Testar com π, e, √2, 2.0 para confirmar que φ não pode ser substituído.",
    "proximo_substrato": "fala sintetizada — estrutura formântica (F1, F2, F3) é emergente, não inserida"
  },
  "contexto_projeto": {
    "ablation_scratch_SST2": "E curvatura +8.80% p=0.0000",
    "BERT_serie_completa":   "todos ns — substrato consolidado resiste",
    "TimeSeries_eco":        "+50.40% p=0.0000 — φ inserido artificialmente",
    "Audio_eco":             "+48.85% p=0.0000 — φ NÃO inserido, harmônicos musicais naturais"
  }
}
