{
  "experimento": "Eco_Fractal",
  "hipotese": "isomorfismo semente/dado — limiar de nascimento + oitavas φ",
  "mecanismo": {
    "pre_limiar": "eco com k=φ, mede Δcoerência a cada bloco",
    "nascimento": "Δcoerência ≥ 0.3820 (1/φ²) → k *= φ (sobe oitava)",
    "pos_limiar": "opera na nova oitava — mesma força, novo regime",
    "fractal": "φ → φ² → φ³, auto-similar, até max_oitavas"
  },
  "limiar_nascimento": 0.38196601125010515,
  "oitavas_phi": [
    1.618033988749895,
    2.618033988749895,
    4.23606797749979
  ],
  "n_seeds": 20,
  "n_epochs": 60,
  "n_train": 400,
  "n_test": 100,
  "dim": 128,
  "hidden": 89,
  "n_eco": 3,
  "max_oitavas": 3,
  "timestamp": 1775976113,
  "seeds": [
    1775976113,
    1775976250,
    1775976387,
    1775976524,
    1775976661,
    1775976798,
    1775976935,
    1775977072,
    1775977209,
    1775977346,
    1775977483,
    1775977620,
    1775977757,
    1775977894,
    1775978031,
    1775978168,
    1775978305,
    1775978442,
    1775978579,
    1775978716
  ],
  "resultados": {
    "G": {
      "mean": 0.524,
      "std": 0.051322509681425356,
      "values": [
        0.49,
        0.49,
        0.54,
        0.54,
        0.57,
        0.58,
        0.48,
        0.48,
        0.5,
        0.43,
        0.55,
        0.47,
        0.57,
        0.58,
        0.46,
        0.57,
        0.55,
        0.51,
        0.64,
        0.48
      ]
    },
    "G_eco_phi": {
      "mean": 0.897,
      "std": 0.02260530911091463,
      "values": [
        0.9,
        0.87,
        0.88,
        0.91,
        0.88,
        0.91,
        0.89,
        0.87,
        0.93,
        0.88,
        0.88,
        0.95,
        0.94,
        0.89,
        0.89,
        0.9,
        0.91,
        0.91,
        0.87,
        0.88
      ]
    },
    "G_eco_fractal": {
      "mean": 0.897,
      "std": 0.02260530911091463,
      "values": [
        0.9,
        0.87,
        0.88,
        0.91,
        0.88,
        0.91,
        0.89,
        0.87,
        0.93,
        0.88,
        0.88,
        0.95,
        0.94,
        0.89,
        0.89,
        0.9,
        0.91,
        0.91,
        0.87,
        0.88
      ]
    }
  },
  "comparacoes": {
    "eco_phi_vs_G": {
      "delta": 0.373,
      "p_value": 8.794879347050151e-05
    },
    "eco_fractal_vs_G": {
      "delta": 0.373,
      "p_value": 8.794879347050151e-05
    },
    "fractal_vs_phi": {
      "delta": 0.0,
      "p_value": NaN
    }
  },
  "oitavas_por_seed": [
    0,
    0,
    0,
    0,
    0,
    0,
    0,
    0,
    0,
    0,
    0,
    0,
    0,
    0,
    0,
    0,
    0,
    0,
    0,
    0
  ],
  "k_final_por_seed": [
    1.618033988749895,
    1.618033988749895,
    1.618033988749895,
    1.618033988749895,
    1.618033988749895,
    1.618033988749895,
    1.618033988749895,
    1.618033988749895,
    1.618033988749895,
    1.618033988749895,
    1.618033988749895,
    1.618033988749895,
    1.618033988749895,
    1.618033988749895,
    1.618033988749895,
    1.618033988749895,
    1.618033988749895,
    1.618033988749895,
    1.618033988749895,
    1.618033988749895
  ]
}