{
  "experimento": "Eco_Alpha_Vernier",
  "hipotese": "α como ajuste fino (vernier) sobre escala de acoplamento 1/k do campo",
  "substrato": "séries temporais φ",
  "referencia": {
    "G_eco_fononico": 0.9289999999999999,
    "acoplamento": 0.7052617370697425
  },
  "constantes": {
    "PHI": 1.618033988749895,
    "ALPHA": 0.0072973525692838015,
    "K_MIN": 1.4142135623730951
  },
  "k_medio": 1.417913304293029,
  "n_seeds": 20,
  "n_epochs": 60,
  "timestamp": 1776362857,
  "seeds": [
    1776362857,
    1776362994,
    1776363131,
    1776363268,
    1776363405,
    1776363542,
    1776363679,
    1776363816,
    1776363953,
    1776364090,
    1776364227,
    1776364364,
    1776364501,
    1776364638,
    1776364775,
    1776364912,
    1776365049,
    1776365186,
    1776365323,
    1776365460
  ],
  "resultados": {
    "G": {
      "mean": 0.5109999999999999,
      "values": [
        0.58,
        0.54,
        0.48,
        0.46,
        0.55,
        0.45,
        0.42,
        0.55,
        0.49,
        0.54,
        0.53,
        0.55,
        0.55,
        0.51,
        0.55,
        0.46,
        0.52,
        0.45,
        0.53,
        0.51
      ]
    },
    "G_eco_fononico": {
      "mean": 0.9289999999999999,
      "values": [
        0.94,
        0.93,
        0.95,
        0.9,
        0.97,
        0.91,
        0.92,
        0.92,
        0.92,
        0.91,
        0.93,
        0.94,
        0.92,
        0.93,
        0.89,
        0.91,
        0.93,
        0.91,
        0.96,
        0.99
      ]
    },
    "G_vernier_v1_(1-α)/k": {
      "mean": 0.9275,
      "delta_G": 0.4165000000000001,
      "delta_fononico": -0.0014999999999999458,
      "p_vs_fononico": 0.17971249487899976,
      "coupling_value": 0.700115193520719,
      "values": [
        0.94,
        0.93,
        0.95,
        0.89,
        0.97,
        0.91,
        0.92,
        0.91,
        0.91,
        0.91,
        0.93,
        0.94,
        0.92,
        0.93,
        0.9,
        0.91,
        0.92,
        0.91,
        0.96,
        0.99
      ]
    },
    "G_vernier_v2_(1+α)/k": {
      "mean": 0.9289999999999999,
      "delta_G": 0.41800000000000004,
      "delta_fononico": 0.0,
      "p_vs_fononico": 0.7980737221573263,
      "coupling_value": 0.710408280618766,
      "values": [
        0.94,
        0.93,
        0.95,
        0.91,
        0.97,
        0.91,
        0.92,
        0.92,
        0.93,
        0.91,
        0.9,
        0.93,
        0.92,
        0.94,
        0.91,
        0.91,
        0.92,
        0.91,
        0.96,
        0.99
      ]
    },
    "G_vernier_v3_(1/k)^1+α": {
      "mean": 0.9289999999999999,
      "delta_G": 0.41800000000000004,
      "delta_fononico": 0.0,
      "p_vs_fononico": 1.0,
      "coupling_value": 0.7034669223246114,
      "values": [
        0.94,
        0.93,
        0.95,
        0.9,
        0.97,
        0.91,
        0.92,
        0.92,
        0.92,
        0.91,
        0.92,
        0.94,
        0.92,
        0.93,
        0.9,
        0.91,
        0.93,
        0.91,
        0.96,
        0.99
      ]
    },
    "G_vernier_v4_(1/k)^1-α": {
      "mean": 0.9289999999999999,
      "delta_G": 0.41800000000000004,
      "delta_fononico": 0.0,
      "p_vs_fononico": 1.0,
      "coupling_value": 0.7070611310777601,
      "values": [
        0.94,
        0.93,
        0.95,
        0.9,
        0.97,
        0.91,
        0.92,
        0.92,
        0.92,
        0.91,
        0.92,
        0.94,
        0.92,
        0.93,
        0.9,
        0.91,
        0.93,
        0.91,
        0.96,
        0.99
      ]
    },
    "G_vernier_v5_1/k+α": {
      "mean": 0.9279999999999999,
      "delta_G": 0.41700000000000004,
      "delta_fononico": -0.0010000000000000009,
      "p_vs_fononico": 0.7479923527822969,
      "coupling_value": 0.7125590896390263,
      "values": [
        0.94,
        0.91,
        0.96,
        0.91,
        0.97,
        0.9,
        0.92,
        0.93,
        0.94,
        0.91,
        0.91,
        0.93,
        0.92,
        0.93,
        0.91,
        0.9,
        0.92,
        0.9,
        0.96,
        0.99
      ]
    }
  },
  "k_otimos": [
    1.4178676187993244,
    1.4179214673800549,
    1.4179470835096863,
    1.4179308776322899,
    1.4179682882047047,
    1.4179121706205875,
    1.4178371621546815,
    1.4178374345783462,
    1.4179484906168802,
    1.4178061662908417,
    1.4179089055266898,
    1.4179223253142452,
    1.4179562761341382,
    1.4178481319381253,
    1.4178567959841453,
    1.418059134266806,
    1.4180049734087672,
    1.417976587759061,
    1.4178464087104319,
    1.4179097870307726
  ],
  "ranking": [
    [
      "G_eco_fononico",
      0.9289999999999999
    ],
    [
      "G_vernier_v2_(1+α)/k",
      0.9289999999999999
    ],
    [
      "G_vernier_v3_(1/k)^1+α",
      0.9289999999999999
    ],
    [
      "G_vernier_v4_(1/k)^1-α",
      0.9289999999999999
    ],
    [
      "G_vernier_v5_1/k+α",
      0.9279999999999999
    ],
    [
      "G_vernier_v1_(1-α)/k",
      0.9275
    ],
    [
      "G",
      0.5109999999999999
    ]
  ]
}