{
  "experimento": "Eco_Fractal_Coerente",
  "hipotese": "campo 100% coerente → coerência coletiva alta → nascimento fratal ativado",
  "substrato": "duas classes de séries φ (grave 0.5-1.5 / agudo 2.5-4.0) — sem ruído puro",
  "referencia_fractal_misto": {
    "oitavas": 0,
    "comentario": "50% ruído → coh=0.018 → limiar nunca atingido"
  },
  "limiar_nascimento": 0.38196601125010515,
  "n_seeds": 20,
  "n_epochs": 60,
  "n_train": 400,
  "n_test": 100,
  "dim": 128,
  "hidden": 89,
  "n_eco": 3,
  "max_oitavas": 3,
  "timestamp": 1776230709,
  "seeds": [
    1776230709,
    1776230846,
    1776230983,
    1776231120,
    1776231257,
    1776231394,
    1776231531,
    1776231668,
    1776231805,
    1776231942,
    1776232079,
    1776232216,
    1776232353,
    1776232490,
    1776232627,
    1776232764,
    1776232901,
    1776233038,
    1776233175,
    1776233312
  ],
  "diagnostico": {
    "delta_medio": 0.011716748861887716,
    "delta_maximo": 0.01463377456269846,
    "limiar": 0.38196601125010515,
    "nascimento_possivel": false
  },
  "resultados": {
    "G": {
      "mean": 0.5385,
      "std": 0.02393219588754863,
      "values": [
        0.58,
        0.52,
        0.52,
        0.52,
        0.48,
        0.54,
        0.52,
        0.55,
        0.55,
        0.53,
        0.57,
        0.54,
        0.57,
        0.55,
        0.55,
        0.51,
        0.55,
        0.57,
        0.53,
        0.52
      ]
    },
    "G_eco_phi": {
      "mean": 0.8504999999999999,
      "std": 0.033834154341434344,
      "values": [
        0.88,
        0.81,
        0.83,
        0.86,
        0.83,
        0.93,
        0.82,
        0.83,
        0.84,
        0.8,
        0.87,
        0.88,
        0.89,
        0.8,
        0.85,
        0.87,
        0.82,
        0.85,
        0.85,
        0.9
      ]
    },
    "G_eco_fractal": {
      "mean": 0.8504999999999999,
      "std": 0.033834154341434344,
      "values": [
        0.88,
        0.81,
        0.83,
        0.86,
        0.83,
        0.93,
        0.82,
        0.83,
        0.84,
        0.8,
        0.87,
        0.88,
        0.89,
        0.8,
        0.85,
        0.87,
        0.82,
        0.85,
        0.85,
        0.9
      ]
    }
  },
  "oitavas_por_seed": [
    0,
    0,
    0,
    0,
    0,
    0,
    0,
    0,
    0,
    0,
    0,
    0,
    0,
    0,
    0,
    0,
    0,
    0,
    0,
    0
  ],
  "k_final_por_seed": [
    1.618033988749895,
    1.618033988749895,
    1.618033988749895,
    1.618033988749895,
    1.618033988749895,
    1.618033988749895,
    1.618033988749895,
    1.618033988749895,
    1.618033988749895,
    1.618033988749895,
    1.618033988749895,
    1.618033988749895,
    1.618033988749895,
    1.618033988749895,
    1.618033988749895,
    1.618033988749895,
    1.618033988749895,
    1.618033988749895,
    1.618033988749895,
    1.618033988749895
  ],
  "seeds_com_nascimento": 0
}