{
  "experimento": "Eco_Fononico_V2_Phi",
  "hipotese": "coupling=φ (reinjeção) + k do campo (rotação) = dupla √2+φ",
  "substrato": "séries temporais φ",
  "v1_coupling": "1/k",
  "v2_coupling": "φ=1.618033988749895",
  "n_seeds": 20,
  "n_epochs": 60,
  "timestamp": 1776364017,
  "seeds": [
    1776364017,
    1776364154,
    1776364291,
    1776364428,
    1776364565,
    1776364702,
    1776364839,
    1776364976,
    1776365113,
    1776365250,
    1776365387,
    1776365524,
    1776365661,
    1776365798,
    1776365935,
    1776366072,
    1776366209,
    1776366346,
    1776366483,
    1776366620
  ],
  "resultados": {
    "G": {
      "mean": 0.5269999999999999,
      "std": 0.0371618083521241,
      "values": [
        0.58,
        0.52,
        0.48,
        0.52,
        0.5,
        0.44,
        0.57,
        0.52,
        0.56,
        0.5,
        0.55,
        0.54,
        0.59,
        0.56,
        0.48,
        0.49,
        0.52,
        0.56,
        0.53,
        0.53
      ]
    },
    "G_eco_v1": {
      "mean": 0.9360000000000002,
      "std": 0.02922327839240489,
      "values": [
        0.89,
        0.89,
        0.96,
        0.95,
        0.97,
        0.97,
        0.93,
        0.93,
        0.98,
        0.96,
        0.91,
        0.89,
        0.97,
        0.93,
        0.95,
        0.91,
        0.9,
        0.95,
        0.96,
        0.92
      ]
    },
    "G_eco_v2_phi": {
      "mean": 0.9875,
      "std": 0.010428326807307113,
      "values": [
        0.99,
        0.98,
        1.0,
        0.97,
        1.0,
        0.98,
        1.0,
        0.98,
        0.99,
        1.0,
        0.99,
        0.98,
        1.0,
        0.99,
        0.99,
        0.97,
        0.99,
        1.0,
        0.98,
        0.97
      ]
    }
  },
  "comparacao_v2_vs_v1": {
    "delta": 0.05149999999999988,
    "p_value": 8.69545403378786e-05,
    "resultado": "✅ V2 supera V1"
  },
  "k_otimos": [
    1.4179093808809669,
    1.4178995513942667,
    1.417950373119021,
    1.4178480279589838,
    1.4179731294858038,
    1.417889971972176,
    1.417716375658773,
    1.4179981102136479,
    1.417849543422521,
    1.4178697997355036,
    1.4178656158173377,
    1.4179170604260427,
    1.4178304954118652,
    1.4179133821440881,
    1.4180165238527596,
    1.417738822418068,
    1.417785897362517,
    1.417950347915875,
    1.417838898104347,
    1.4177223196086126
  ],
  "imagens": [
    "eco_v2_phi_3d.png"
  ]
}