{
  "experimento": "Eco_Alpha_Regulado",
  "hipotese": "α como constante de acoplamento adaptativo — três valores no eco",
  "mecanismo": {
    "phi": "rotação de fase — estrutura da transformação",
    "alpha": "piso do blend — acoplamento mínimo (não estoura)",
    "coerencia": "adapta o blend entre α e 1/φ proporcional à estrutura do dado",
    "blend_formula": "blend = alpha + (1/phi - alpha) * coerencia"
  },
  "referencia_intercambiabilidade": {
    "k_phi_sem_alpha": 0.906,
    "k_pi_sem_alpha": 0.5995
  },
  "n_seeds": 20,
  "n_epochs": 60,
  "n_train": 400,
  "n_test": 100,
  "dim": 128,
  "hidden": 89,
  "n_eco": 3,
  "timestamp": 1775853915,
  "seeds": [
    1775853915,
    1775854052,
    1775854189,
    1775854326,
    1775854463,
    1775854600,
    1775854737,
    1775854874,
    1775855011,
    1775855148,
    1775855285,
    1775855422,
    1775855559,
    1775855696,
    1775855833,
    1775855970,
    1775856107,
    1775856244,
    1775856381,
    1775856518
  ],
  "resultados": {
    "G": {
      "mean": 0.526,
      "std": 0.03992492955535426,
      "delta": 0.0,
      "p_value": null,
      "values": [
        0.57,
        0.52,
        0.53,
        0.57,
        0.54,
        0.53,
        0.49,
        0.53,
        0.55,
        0.55,
        0.55,
        0.48,
        0.49,
        0.55,
        0.46,
        0.48,
        0.47,
        0.48,
        0.61,
        0.57
      ]
    },
    "G_eco_phi": {
      "mean": 0.9075000000000001,
      "std": 0.03476708213238494,
      "delta": 0.38150000000000006,
      "p_value": 8.769942375590214e-05,
      "values": [
        0.91,
        0.91,
        0.93,
        0.9,
        0.92,
        0.93,
        0.96,
        0.83,
        0.85,
        0.91,
        0.88,
        0.91,
        0.93,
        0.94,
        0.91,
        0.96,
        0.87,
        0.91,
        0.94,
        0.85
      ]
    },
    "G_eco_alpha": {
      "mean": 0.5619999999999999,
      "std": 0.04019950248448355,
      "delta": 0.03599999999999992,
      "p_value": 0.00019266518775245232,
      "values": [
        0.59,
        0.55,
        0.57,
        0.62,
        0.58,
        0.57,
        0.56,
        0.52,
        0.58,
        0.55,
        0.61,
        0.52,
        0.52,
        0.6,
        0.48,
        0.53,
        0.6,
        0.49,
        0.62,
        0.58
      ]
    },
    "G_eco_alpha_pi": {
      "mean": 0.5455,
      "std": 0.0366708330966178,
      "delta": 0.019499999999999962,
      "p_value": 0.020731750313236322,
      "values": [
        0.61,
        0.59,
        0.55,
        0.6,
        0.6,
        0.59,
        0.52,
        0.53,
        0.51,
        0.54,
        0.56,
        0.48,
        0.5,
        0.56,
        0.5,
        0.53,
        0.52,
        0.52,
        0.56,
        0.54
      ]
    }
  },
  "comparacoes": {
    "eco_alpha_vs_eco_phi": {
      "delta": -0.34550000000000014,
      "p_value": 8.70783521016157e-05
    },
    "eco_alpha_pi_vs_eco_phi": {
      "delta": -0.3620000000000001,
      "p_value": 8.807368035275503e-05
    }
  }
}