{
  "experimento": "Eco_Fractal_Adaptativo",
  "hipotese": "limiar endógeno ao campo (Δcoh_médio × φ) ativa nascimentos fractais",
  "substrato": "duas classes de séries φ (grave 0.5-1.5 / agudo 2.5-4.0)",
  "historico": {
    "fractal_misto": {
      "limiar": 0.38196601125010515,
      "nascimentos": 0,
      "comentario": "50% ruído → coh≈0.018"
    },
    "fractal_coerente": {
      "limiar": 0.38196601125010515,
      "nascimentos": 0,
      "comentario": "100% φ → Δcoh≈0.012, ainda inacessível"
    }
  },
  "diagnostico": {
    "delta_medio": 0.011516156052823504,
    "delta_maximo": 0.013727008647403366,
    "limiar_adaptativo": 0.018633531913216258,
    "limiar_anterior": 0.38196601125010515,
    "fator_reducao": 20.498851910044333
  },
  "n_seeds": 20,
  "n_epochs": 60,
  "n_train": 400,
  "n_test": 100,
  "dim": 128,
  "hidden": 89,
  "n_eco": 3,
  "max_oitavas": 3,
  "timestamp": 1776280215,
  "seeds": [
    1776280215,
    1776280352,
    1776280489,
    1776280626,
    1776280763,
    1776280900,
    1776281037,
    1776281174,
    1776281311,
    1776281448,
    1776281585,
    1776281722,
    1776281859,
    1776281996,
    1776282133,
    1776282270,
    1776282407,
    1776282544,
    1776282681,
    1776282818
  ],
  "resultados": {
    "G": {
      "mean": 0.514,
      "std": 0.055713553108736484,
      "values": [
        0.54,
        0.45,
        0.63,
        0.55,
        0.6,
        0.47,
        0.53,
        0.45,
        0.43,
        0.56,
        0.46,
        0.48,
        0.5,
        0.5,
        0.47,
        0.59,
        0.45,
        0.51,
        0.56,
        0.55
      ]
    },
    "G_eco_phi": {
      "mean": 0.8389999999999999,
      "std": 0.0439203825119955,
      "values": [
        0.89,
        0.84,
        0.85,
        0.83,
        0.82,
        0.89,
        0.81,
        0.92,
        0.87,
        0.75,
        0.83,
        0.87,
        0.84,
        0.85,
        0.79,
        0.75,
        0.79,
        0.87,
        0.88,
        0.84
      ]
    },
    "G_eco_fractal": {
      "mean": 0.8389999999999999,
      "std": 0.0439203825119955,
      "values": [
        0.89,
        0.84,
        0.85,
        0.83,
        0.82,
        0.89,
        0.81,
        0.92,
        0.87,
        0.75,
        0.83,
        0.87,
        0.84,
        0.85,
        0.79,
        0.75,
        0.79,
        0.87,
        0.88,
        0.84
      ]
    }
  },
  "oitavas_por_seed": [
    0,
    0,
    0,
    0,
    0,
    0,
    0,
    0,
    0,
    0,
    0,
    0,
    0,
    0,
    0,
    0,
    0,
    0,
    0,
    0
  ],
  "k_final_por_seed": [
    1.618033988749895,
    1.618033988749895,
    1.618033988749895,
    1.618033988749895,
    1.618033988749895,
    1.618033988749895,
    1.618033988749895,
    1.618033988749895,
    1.618033988749895,
    1.618033988749895,
    1.618033988749895,
    1.618033988749895,
    1.618033988749895,
    1.618033988749895,
    1.618033988749895,
    1.618033988749895,
    1.618033988749895,
    1.618033988749895,
    1.618033988749895,
    1.618033988749895
  ],
  "deltas_por_seed": [
    [
      0.012013646772966458
    ],
    [
      0.008757386464704059
    ],
    [
      0.013727008647403366
    ],
    [
      0.011206303474799034
    ],
    [
      0.012494820118753525
    ],
    [
      0.010204881867609955
    ],
    [
      0.01262891884607778
    ],
    [
      0.012699471248838079
    ],
    [
      0.009222409629905115
    ],
    [
      0.012206713457177665
    ],
    [
      0.009855562608951235
    ],
    [
      0.012914130793321127
    ],
    [
      0.012901857317036886
    ],
    [
      0.009715965308373237
    ],
    [
      0.009369675301000108
    ],
    [
      0.01125148331457354
    ],
    [
      0.01175042741188806
    ],
    [
      0.012856489351961625
    ],
    [
      0.01313918352501739
    ],
    [
      0.011157902491966881
    ]
  ],
  "seeds_com_nascimento": 0
}