{
  "experimento": "Eco_Fononico",
  "hipotese": "meta-calibração coletiva — campo espectral do batch informa k_otimo",
  "mecanismo": {
    "estagio_0": "medir estado fonônico do batch → k_otimo ∈ [√2, φ]",
    "estagio_1": "eco com k_otimo (não φ fixo)",
    "calibracao": "k = √2 + (φ - √2) * coerencia_campo",
    "zona_otima": "[1.4142, 1.6180] — descoberta no experimento de intercambiabilidade"
  },
  "referencia_intercambiabilidade": {
    "k_sqrt2": 0.929,
    "k_phi": 0.906,
    "observacao": "k=√2 superou k=φ — campo dos dados tinha estrutura √2"
  },
  "n_seeds": 20,
  "n_epochs": 60,
  "n_train": 400,
  "n_test": 100,
  "dim": 128,
  "hidden": 89,
  "n_eco": 3,
  "timestamp": 1775978296,
  "seeds": [
    1775978296,
    1775978433,
    1775978570,
    1775978707,
    1775978844,
    1775978981,
    1775979118,
    1775979255,
    1775979392,
    1775979529,
    1775979666,
    1775979803,
    1775979940,
    1775980077,
    1775980214,
    1775980351,
    1775980488,
    1775980625,
    1775980762,
    1775980899
  ],
  "resultados": {
    "G": {
      "mean": 0.5610000000000002,
      "std": 0.04459820624195551,
      "values": [
        0.58,
        0.62,
        0.54,
        0.56,
        0.53,
        0.59,
        0.51,
        0.55,
        0.57,
        0.6,
        0.51,
        0.5,
        0.54,
        0.58,
        0.53,
        0.55,
        0.51,
        0.67,
        0.64,
        0.54
      ]
    },
    "G_eco_phi": {
      "mean": 0.9015000000000001,
      "std": 0.02797766966707555,
      "values": [
        0.92,
        0.84,
        0.87,
        0.89,
        0.87,
        0.9,
        0.96,
        0.9,
        0.9,
        0.94,
        0.92,
        0.9,
        0.9,
        0.9,
        0.89,
        0.94,
        0.88,
        0.94,
        0.88,
        0.89
      ]
    },
    "G_eco_fononico": {
      "mean": 0.9280000000000002,
      "std": 0.02249444375840396,
      "values": [
        0.93,
        0.93,
        0.89,
        0.89,
        0.92,
        0.92,
        0.95,
        0.97,
        0.89,
        0.91,
        0.94,
        0.92,
        0.92,
        0.95,
        0.96,
        0.94,
        0.93,
        0.96,
        0.92,
        0.92
      ]
    }
  },
  "comparacoes": {
    "eco_phi_vs_G": {
      "delta": 0.3404999999999999,
      "p_value": 8.807368035275503e-05
    },
    "eco_fononico_vs_G": {
      "delta": 0.367,
      "p_value": 8.807368035275503e-05
    },
    "fononico_vs_phi": {
      "delta": 0.02650000000000008,
      "p_value": 0.0017871872207205367
    }
  },
  "estado_fononico": {
    "k_otimos": [
      1.4178680192281312,
      1.417937942023294,
      1.417808121966904,
      1.41789131199215,
      1.417926665210554,
      1.4179803035436083,
      1.4180403041954985,
      1.4179227368591485,
      1.4179330977412832,
      1.417907274855536,
      1.417949759569286,
      1.4178401665426061,
      1.4179719922023986,
      1.4178249435086985,
      1.418030984615812,
      1.417902585818677,
      1.4178285829070951,
      1.4178495687221693,
      1.4179991984349856,
      1.4179335846130126
    ],
    "coh_campos": [
      0.017929787117019425,
      0.018272847900502764,
      0.01763591440616341,
      0.018044067929951724,
      0.018217520704203127,
      0.018480685363446492,
      0.018775065337803487,
      0.018198247113840216,
      0.018249080498496162,
      0.018122386200940532,
      0.018330828085326156,
      0.017793134054221782,
      0.01843990759962033,
      0.017718445593509546,
      0.01872934087410627,
      0.018099380475055327,
      0.017736301499619578,
      0.017839263776007752,
      0.018573388983555317,
      0.01825146922733023
    ],
    "k_medio": 1.4179173572275423,
    "coh_media": 0.01817185313703598
  }
}