{
  "experimento": "Eco_AlphaPhi_Dual",
  "pergunta": "α como acoplamento de reinjeção + φ como calibrador de campo",
  "hipotese": "φ define proporção/estrutura; α define intensidade de acoplamento eco↔sinal",
  "substrato": "séries temporais φ",
  "referencia": {
    "G_eco_fononico": 0.9270000000000002,
    "comentario": "melhor resultado anterior"
  },
  "constantes": {
    "PHI": 1.618033988749895,
    "ALPHA": 0.0072973525692838015,
    "K_MIN": 1.4142135623730951
  },
  "acoplamentos_testados": {
    "v1": "×α (α puro como coupling)",
    "v2": "×α/k (α escalado por k do campo)",
    "v3": "×√(α/k) (média geométrica entre α e 1/k)"
  },
  "n_seeds": 20,
  "n_epochs": 60,
  "n_train": 400,
  "n_test": 100,
  "dim": 128,
  "hidden": 89,
  "n_eco": 3,
  "timestamp": 1776362233,
  "seeds": [
    1776362233,
    1776362370,
    1776362507,
    1776362644,
    1776362781,
    1776362918,
    1776363055,
    1776363192,
    1776363329,
    1776363466,
    1776363603,
    1776363740,
    1776363877,
    1776364014,
    1776364151,
    1776364288,
    1776364425,
    1776364562,
    1776364699,
    1776364836
  ],
  "resultados": {
    "G": {
      "mean": 0.534,
      "std": 0.04608687448721164,
      "values": [
        0.55,
        0.5,
        0.57,
        0.49,
        0.51,
        0.58,
        0.47,
        0.61,
        0.56,
        0.52,
        0.5,
        0.63,
        0.51,
        0.59,
        0.53,
        0.58,
        0.52,
        0.46,
        0.51,
        0.49
      ]
    },
    "G_eco_fononico": {
      "mean": 0.9270000000000002,
      "std": 0.016462077633154305,
      "values": [
        0.92,
        0.94,
        0.94,
        0.93,
        0.93,
        0.89,
        0.91,
        0.92,
        0.96,
        0.92,
        0.95,
        0.93,
        0.92,
        0.92,
        0.95,
        0.92,
        0.92,
        0.9,
        0.94,
        0.93
      ]
    },
    "G_dual_v1_α": {
      "mean": 0.5359999999999999,
      "std": 0.04521061822182926,
      "delta_G": 0.0019999999999998908,
      "delta_fononico": -0.39100000000000024,
      "p_vs_G": 0.6531452227394554,
      "p_vs_fononico": 8.769942375590214e-05,
      "values": [
        0.55,
        0.49,
        0.57,
        0.48,
        0.48,
        0.57,
        0.47,
        0.6,
        0.56,
        0.53,
        0.51,
        0.61,
        0.51,
        0.61,
        0.56,
        0.59,
        0.52,
        0.47,
        0.52,
        0.52
      ]
    },
    "G_dual_v2_α/k": {
      "mean": 0.5365,
      "std": 0.04508602887813475,
      "delta_G": 0.0024999999999999467,
      "delta_fononico": -0.3905000000000002,
      "p_vs_G": 0.5657197991441898,
      "p_vs_fononico": 8.769942375590214e-05,
      "values": [
        0.55,
        0.49,
        0.57,
        0.48,
        0.49,
        0.59,
        0.47,
        0.6,
        0.56,
        0.53,
        0.51,
        0.61,
        0.51,
        0.6,
        0.56,
        0.59,
        0.52,
        0.47,
        0.51,
        0.52
      ]
    },
    "G_dual_v3_√(α/k)": {
      "mean": 0.5610000000000002,
      "std": 0.0367287353444139,
      "delta_G": 0.027000000000000135,
      "delta_fononico": -0.366,
      "p_vs_G": 0.0028566587104830714,
      "p_vs_fononico": 8.819870204194453e-05,
      "values": [
        0.58,
        0.51,
        0.58,
        0.52,
        0.5,
        0.56,
        0.52,
        0.61,
        0.57,
        0.59,
        0.55,
        0.59,
        0.57,
        0.6,
        0.6,
        0.63,
        0.54,
        0.5,
        0.55,
        0.55
      ]
    }
  },
  "k_otimos": [
    1.4178253331427726,
    1.4179741841463107,
    1.417872680837111,
    1.4180215335581896,
    1.4178464814816016,
    1.4178287535163168,
    1.417930435664868,
    1.4178595288694913,
    1.4179182890669575,
    1.4176521976092853,
    1.4179670625922363,
    1.4178609947006209,
    1.417844782501842,
    1.4179585425707846,
    1.41799630898825,
    1.4180129987377033,
    1.4178925452002686,
    1.4179953063655144,
    1.417853412075435,
    1.4179421783432273
  ],
  "ranking": [
    [
      "G_eco_fononico",
      0.9270000000000002
    ],
    [
      "G_dual_v3_√(α/k)",
      0.5610000000000002
    ],
    [
      "G_dual_v2_α/k",
      0.5365
    ],
    [
      "G_dual_v1_α",
      0.5359999999999999
    ],
    [
      "G",
      0.534
    ]
  ]
}