{
  "experimento": "EEG_Sintetico",
  "substrato": "EEG sintético realista (256 Hz, 1s/época)",
  "tarefas": [
    "alpha_vs_noise",
    "alpha_vs_beta"
  ],
  "constantes": {
    "PHI": 1.618033988749895,
    "K_MIN": 1.4142135623730951,
    "C_PHI": 0.38196601125010515
  },
  "n_seeds": 20,
  "n_epochs": 60,
  "timestamp": 1776472411,
  "seeds": [
    1776472411,
    1776472548,
    1776472685,
    1776472822,
    1776472959,
    1776473096,
    1776473233,
    1776473370,
    1776473507,
    1776473644,
    1776473781,
    1776473918,
    1776474055,
    1776474192,
    1776474329,
    1776474466,
    1776474603,
    1776474740,
    1776474877,
    1776475014
  ],
  "resultados": {
    "alpha_vs_noise": {
      "label": "Alpha vs. Noise",
      "G": {
        "mean": 0.5635000000000001,
        "values": [
          0.62,
          0.66,
          0.53,
          0.47,
          0.55,
          0.67,
          0.6,
          0.47,
          0.48,
          0.51,
          0.54,
          0.59,
          0.58,
          0.67,
          0.54,
          0.55,
          0.49,
          0.63,
          0.61,
          0.51
        ]
      },
      "V1": {
        "mean": 0.9335000000000001,
        "values": [
          0.9,
          0.95,
          0.93,
          0.91,
          0.94,
          0.91,
          0.99,
          0.93,
          0.95,
          0.98,
          0.95,
          0.94,
          0.9,
          0.94,
          0.94,
          0.94,
          0.94,
          0.92,
          0.89,
          0.92
        ],
        "p_vs_G": 8.819870204194453e-05
      },
      "V2": {
        "mean": 0.9834999999999999,
        "values": [
          0.97,
          0.99,
          1.0,
          0.96,
          0.99,
          0.99,
          0.99,
          0.98,
          0.99,
          0.97,
          0.98,
          0.98,
          0.98,
          0.99,
          0.99,
          0.98,
          1.0,
          0.99,
          0.97,
          0.98
        ],
        "p_vs_G": 8.745059215649785e-05
      },
      "k_medio": 1.4170002242403106,
      "delta_V2_G": 0.4199999999999998,
      "delta_V2_V1": 0.04999999999999982,
      "p_V2vsV1": 0.00014967865406017428
    },
    "alpha_vs_beta": {
      "label": "Alpha vs. Beta",
      "G": {
        "mean": 0.534,
        "values": [
          0.57,
          0.59,
          0.55,
          0.5,
          0.42,
          0.57,
          0.55,
          0.53,
          0.56,
          0.47,
          0.55,
          0.57,
          0.49,
          0.59,
          0.51,
          0.49,
          0.58,
          0.56,
          0.53,
          0.5
        ]
      },
      "V1": {
        "mean": 0.813,
        "values": [
          0.85,
          0.8,
          0.74,
          0.81,
          0.81,
          0.81,
          0.8,
          0.8,
          0.82,
          0.81,
          0.81,
          0.83,
          0.72,
          0.84,
          0.87,
          0.83,
          0.84,
          0.83,
          0.81,
          0.83
        ],
        "p_vs_G": 8.782404130245517e-05
      },
      "V2": {
        "mean": 0.9480000000000001,
        "values": [
          0.94,
          0.97,
          0.97,
          0.94,
          0.93,
          0.96,
          0.95,
          0.93,
          0.95,
          0.96,
          0.95,
          0.92,
          0.94,
          0.94,
          0.98,
          0.97,
          0.93,
          0.93,
          0.96,
          0.94
        ],
        "p_vs_G": 8.807368035275503e-05
      },
      "k_medio": 1.4292944678724335,
      "delta_V2_G": 0.41400000000000003,
      "delta_V2_V1": 0.13500000000000012,
      "p_V2vsV1": 8.69545403378786e-05
    }
  }
}