{
  "experimento": "Eco_Intercambiabilidade",
  "substrato": "séries temporais φ — mesmo do TimeSeries_Eco",
  "pergunta": "φ como parâmetro de rotação é específico ou intercambiável?",
  "referencia_TimeSeries_Eco": {
    "G": 0.4653,
    "G_eco_phi": 0.9693,
    "delta": 0.504,
    "p_value": 0.0
  },
  "n_seeds": 20,
  "n_epochs": 60,
  "n_train": 400,
  "n_test": 100,
  "dim": 128,
  "hidden": 89,
  "n_eco": 3,
  "timestamp": 1775830861,
  "seeds": [
    1775830861,
    1775830998,
    1775831135,
    1775831272,
    1775831409,
    1775831546,
    1775831683,
    1775831820,
    1775831957,
    1775832094,
    1775832231,
    1775832368,
    1775832505,
    1775832642,
    1775832779,
    1775832916,
    1775833053,
    1775833190,
    1775833327,
    1775833464
  ],
  "G_baseline": {
    "mean": 0.5205,
    "std": 0.045329350315220715,
    "values": [
      0.51,
      0.59,
      0.57,
      0.53,
      0.51,
      0.46,
      0.6,
      0.55,
      0.52,
      0.53,
      0.53,
      0.48,
      0.47,
      0.49,
      0.52,
      0.61,
      0.51,
      0.51,
      0.43,
      0.49
    ]
  },
  "constantes_testadas": {
    "k=1.0": {
      "valor_k": 1.0,
      "k": 1.0,
      "mean": 0.5205,
      "std": 0.045329350315220715,
      "delta": 0.0,
      "p_value": NaN,
      "values": [
        0.51,
        0.59,
        0.57,
        0.53,
        0.51,
        0.46,
        0.6,
        0.55,
        0.52,
        0.53,
        0.53,
        0.48,
        0.47,
        0.49,
        0.52,
        0.61,
        0.51,
        0.51,
        0.43,
        0.49
      ]
    },
    "k=√2": {
      "valor_k": 1.4142135623730951,
      "k": 1.4142135623730951,
      "mean": 0.9289999999999999,
      "std": 0.026057628441590742,
      "delta": 0.4085,
      "p_value": 8.757494073814436e-05,
      "values": [
        0.92,
        0.94,
        0.99,
        0.9,
        0.93,
        0.92,
        0.91,
        0.95,
        0.94,
        0.92,
        0.91,
        0.88,
        0.96,
        0.91,
        0.97,
        0.91,
        0.91,
        0.91,
        0.95,
        0.95
      ]
    },
    "k=φ": {
      "valor_k": 1.618033988749895,
      "k": 1.618033988749895,
      "mean": 0.906,
      "std": 0.02353720459187964,
      "delta": 0.38550000000000006,
      "p_value": 8.658390851382302e-05,
      "values": [
        0.93,
        0.92,
        0.94,
        0.92,
        0.89,
        0.89,
        0.89,
        0.93,
        0.9,
        0.9,
        0.87,
        0.9,
        0.92,
        0.87,
        0.95,
        0.9,
        0.88,
        0.87,
        0.93,
        0.92
      ]
    },
    "k=e": {
      "valor_k": 2.718281828459045,
      "k": 2.718281828459045,
      "mean": 0.6595000000000001,
      "std": 0.03774586070021451,
      "delta": 0.13900000000000012,
      "p_value": 0.00013100797196900614,
      "values": [
        0.63,
        0.69,
        0.65,
        0.67,
        0.64,
        0.64,
        0.69,
        0.71,
        0.66,
        0.66,
        0.62,
        0.74,
        0.66,
        0.66,
        0.69,
        0.61,
        0.66,
        0.56,
        0.69,
        0.66
      ]
    },
    "k=π": {
      "valor_k": 3.141592653589793,
      "k": 3.141592653589793,
      "mean": 0.5995,
      "std": 0.049746859197340294,
      "delta": 0.07900000000000007,
      "p_value": 0.0008252371701730982,
      "values": [
        0.55,
        0.66,
        0.63,
        0.57,
        0.55,
        0.54,
        0.48,
        0.65,
        0.62,
        0.54,
        0.64,
        0.64,
        0.63,
        0.59,
        0.56,
        0.63,
        0.58,
        0.65,
        0.67,
        0.61
      ]
    },
    "k=2.0": {
      "valor_k": 2.0,
      "k": 2.0,
      "mean": 0.6665,
      "std": 0.04735768153108849,
      "delta": 0.14600000000000002,
      "p_value": 0.00010248649056818514,
      "values": [
        0.63,
        0.78,
        0.61,
        0.7,
        0.61,
        0.67,
        0.69,
        0.64,
        0.7,
        0.68,
        0.66,
        0.64,
        0.65,
        0.7,
        0.7,
        0.59,
        0.6,
        0.67,
        0.75,
        0.66
      ]
    }
  },
  "ranking": [
    {
      "posicao": 1,
      "nome": "k=√2",
      "mean": 0.9289999999999999,
      "delta": 0.4085
    },
    {
      "posicao": 2,
      "nome": "k=φ",
      "mean": 0.906,
      "delta": 0.38550000000000006
    },
    {
      "posicao": 3,
      "nome": "k=2.0",
      "mean": 0.6665,
      "delta": 0.14600000000000002
    },
    {
      "posicao": 4,
      "nome": "k=e",
      "mean": 0.6595000000000001,
      "delta": 0.13900000000000012
    },
    {
      "posicao": 5,
      "nome": "k=π",
      "mean": 0.5995,
      "delta": 0.07900000000000007
    },
    {
      "posicao": 6,
      "nome": "k=1.0",
      "mean": 0.5205,
      "delta": 0.0
    }
  ]
}