{
  "experimento": "K_Paisagem",
  "pergunta": "a relação k_ótimo × coerência é contínua ou discreta?",
  "n_seeds": 10,
  "n_epochs": 60,
  "n_train": 400,
  "n_test": 100,
  "dim": 128,
  "hidden": 89,
  "n_eco": 3,
  "timestamp": 1776300266,
  "seeds": [
    1776300266,
    1776300403,
    1776300540,
    1776300677,
    1776300814,
    1776300951,
    1776301088,
    1776301225,
    1776301362,
    1776301499
  ],
  "niveis_coerencia": [
    0.05,
    0.1,
    0.2,
    0.35,
    0.5,
    0.7,
    0.9
  ],
  "k_vals": [
    1.0,
    1.2,
    1.4142135623730951,
    1.6,
    1.618033988749895,
    1.8,
    2.0,
    2.618033988749895,
    4.23606797749979
  ],
  "k_nomes": [
    "1.00",
    "1.20",
    "√2",
    "1.60",
    "φ",
    "1.80",
    "2.00",
    "φ²",
    "φ³"
  ],
  "coerencias_reais": {
    "0.05": 0.02869793674911264,
    "0.1": 0.028706654823437962,
    "0.2": 0.02876446884636233,
    "0.35": 0.0294426129799893,
    "0.5": 0.032351355516160626,
    "0.7": 0.046195706955851276,
    "0.9": 0.09762946305764379
  },
  "paisagem": {
    "0.05": {
      "1.00": 0.48599999999999993,
      "1.20": 0.48999999999999994,
      "√2": 0.499,
      "1.60": 0.503,
      "φ": 0.504,
      "1.80": 0.4960000000000001,
      "2.00": 0.512,
      "φ²": 0.522,
      "φ³": 0.466
    },
    "0.1": {
      "1.00": 0.483,
      "1.20": 0.4880000000000001,
      "√2": 0.49400000000000005,
      "1.60": 0.5050000000000001,
      "φ": 0.5,
      "1.80": 0.501,
      "2.00": 0.5109999999999999,
      "φ²": 0.514,
      "φ³": 0.45999999999999996
    },
    "0.2": {
      "1.00": 0.48100000000000004,
      "1.20": 0.49400000000000005,
      "√2": 0.503,
      "1.60": 0.508,
      "φ": 0.51,
      "1.80": 0.506,
      "2.00": 0.514,
      "φ²": 0.529,
      "φ³": 0.47300000000000003
    },
    "0.35": {
      "1.00": 0.48100000000000004,
      "1.20": 0.546,
      "√2": 0.5569999999999999,
      "1.60": 0.538,
      "φ": 0.5370000000000001,
      "1.80": 0.5229999999999999,
      "2.00": 0.526,
      "φ²": 0.5230000000000001,
      "φ³": 0.47000000000000003
    },
    "0.5": {
      "1.00": 0.481,
      "1.20": 0.645,
      "√2": 0.6409999999999999,
      "1.60": 0.594,
      "φ": 0.5990000000000001,
      "1.80": 0.55,
      "2.00": 0.5319999999999999,
      "φ²": 0.542,
      "φ³": 0.47700000000000004
    },
    "0.7": {
      "1.00": 0.502,
      "1.20": 0.791,
      "√2": 0.782,
      "1.60": 0.744,
      "φ": 0.7310000000000001,
      "1.80": 0.628,
      "2.00": 0.558,
      "φ²": 0.5740000000000001,
      "φ³": 0.5280000000000001
    },
    "0.9": {
      "1.00": 0.5220000000000001,
      "1.20": 0.9349999999999999,
      "√2": 0.945,
      "1.60": 0.9179999999999999,
      "φ": 0.909,
      "1.80": 0.8230000000000001,
      "2.00": 0.681,
      "φ²": 0.659,
      "φ³": 0.5970000000000001
    }
  },
  "resumo": [
    {
      "nivel_coh": 0.05,
      "coh_real": 0.02869793674911264,
      "k_otimo_nome": "φ²",
      "k_otimo_val": 2.618033988749895,
      "acc_otima": 0.522
    },
    {
      "nivel_coh": 0.1,
      "coh_real": 0.028706654823437962,
      "k_otimo_nome": "φ²",
      "k_otimo_val": 2.618033988749895,
      "acc_otima": 0.514
    },
    {
      "nivel_coh": 0.2,
      "coh_real": 0.02876446884636233,
      "k_otimo_nome": "φ²",
      "k_otimo_val": 2.618033988749895,
      "acc_otima": 0.529
    },
    {
      "nivel_coh": 0.35,
      "coh_real": 0.0294426129799893,
      "k_otimo_nome": "√2",
      "k_otimo_val": 1.4142135623730951,
      "acc_otima": 0.5569999999999999
    },
    {
      "nivel_coh": 0.5,
      "coh_real": 0.032351355516160626,
      "k_otimo_nome": "1.20",
      "k_otimo_val": 1.2,
      "acc_otima": 0.645
    },
    {
      "nivel_coh": 0.7,
      "coh_real": 0.046195706955851276,
      "k_otimo_nome": "1.20",
      "k_otimo_val": 1.2,
      "acc_otima": 0.791
    },
    {
      "nivel_coh": 0.9,
      "coh_real": 0.09762946305764379,
      "k_otimo_nome": "√2",
      "k_otimo_val": 1.4142135623730951,
      "acc_otima": 0.945
    }
  ],
  "k_otimo_monotonica": false
}