{
  "k_global": {
    "alpha": 1.4583006052343257,
    "beta": 1.4493800731073239,
    "ruido": 1.4211595563406692,
    "sqrt2": 1.4142135623730951,
    "phi": 1.618033988749895
  },
  "k_pico_banda": {
    "alpha": {
      "k": 1.4232591320297416,
      "freq_hz": 9.0
    },
    "beta": {
      "k": 1.4327019728579016,
      "freq_hz": 15.0
    },
    "ruido": {
      "k": 1.4191596753578792,
      "freq_hz": 1.0
    }
  },
  "transicao_detectada_hz": {
    "alpha": 10.0,
    "beta": 14.0
  },
  "separabilidade_L2": {
    "alpha_vs_beta": 0.020365830325976827,
    "alpha_vs_ruido": 0.014817351886848323,
    "beta_vs_ruido": 0.019251365900855126
  },
  "k_perfil_alpha": [
    1.4146703130907867,
    1.4142586166038427,
    1.414990640333266,
    1.4181674083297853,
    1.4232591320297416,
    1.4157287099377291,
    1.421712813430677,
    1.417392286072821,
    1.4149312749078253,
    1.4143991547977914,
    1.4145530890748883,
    1.4149724728122837,
    1.4142202137648718,
    1.4207512488259066,
    1.414596273911257,
    1.4142244777789874,
    1.4142641363357469,
    1.4143148851381728,
    1.4142738763553433,
    1.4142573141859185,
    1.4142800016213823,
    1.4142651207046275,
    1.4142619255101894,
    1.4142276942608745,
    1.4142146313846258,
    1.4142902395339976,
    1.414314430632305,
    1.414360204625241,
    1.4142203873694028,
    1.4142251631968514,
    1.4143153191963536,
    1.4142481401277471,
    1.4143072454670114,
    1.4142401832811038,
    1.4142363150229122,
    1.41421576789424,
    1.4142178099204465,
    1.4142170443424271,
    1.4142328208674797,
    1.414280028086337,
    1.4142136859051841,
    1.414224954387283,
    1.414222556754849,
    1.4142146917143668,
    1.414256708817513,
    1.414214925155739,
    1.414227645918812,
    1.414234335923034,
    1.4142692046344574,
    1.4142276093988972,
    1.4142261911029288,
    1.4142491427946613,
    1.4142423859048663,
    1.4142987150418131,
    1.4142532081782608,
    1.4142890021283074,
    1.4142557969438991,
    1.414222860241996,
    1.4142249496784505,
    1.4142590260468424,
    1.4142285442856908,
    1.4142240814073888,
    1.4142317824167996,
    1.4142164456301647
  ],
  "k_perfil_beta": [
    1.4143932464503222,
    1.4142213065149125,
    1.4142948593704368,
    1.414286825988918,
    1.4144092147637892,
    1.4148168991165941,
    1.415586668187162,
    1.4327019728579016,
    1.415942216743664,
    1.4146322546314212,
    1.4143645921244963,
    1.4142142217223461,
    1.4158778726565344,
    1.4144811499293868,
    1.4143804836475817,
    1.414688123755102,
    1.4142135853561433,
    1.4142995142061365,
    1.4143632755662228,
    1.4162366811910172,
    1.4144293694617835,
    1.4143453466835867,
    1.41434146802495,
    1.4142296813446888,
    1.414237133523001,
    1.4142135835506195,
    1.414213979207266,
    1.4142227197208666,
    1.41436416101967,
    1.4142309457705715,
    1.4142678379057334,
    1.4142188920935306,
    1.4142251027568753,
    1.4142898094513618,
    1.4142446772418462,
    1.4142136091172752,
    1.414222032338358,
    1.4142549881185167,
    1.4142246267359813,
    1.4142218585704491,
    1.4142150411596208,
    1.4142359884549343,
    1.4142223356040333,
    1.4142348786175774,
    1.414233543315047,
    1.414213898253959,
    1.4142354557389973,
    1.414263672172051,
    1.4142141565952753,
    1.414244939375288,
    1.4142243741803342,
    1.4142241803580373,
    1.4142198016381458,
    1.4142151582449172,
    1.4142583125174133,
    1.4142481428477245,
    1.4142315166862964,
    1.4142249849648134,
    1.41421357273402,
    1.4142219915171186,
    1.4142521265839145,
    1.4142649257002962,
    1.414225205436074,
    1.4143179366149572
  ],
  "k_perfil_ruido": [
    1.4191596753578792,
    1.4150980918165523,
    1.414512439864118,
    1.414376457247732,
    1.4145332251728993,
    1.4152276233161165,
    1.4142944436589215,
    1.4143945543057608,
    1.4144213802118513,
    1.4142408475451926,
    1.414278292121065,
    1.4142803777032658,
    1.4142882909114514,
    1.4142680770330265,
    1.4142152190283759,
    1.4142140730112098,
    1.4142143223184611,
    1.4142293867296112,
    1.4142873569668803,
    1.4142213166132271,
    1.4145071067470445,
    1.4142283484472902,
    1.4142351371100428,
    1.4142679765140607,
    1.414213661148296,
    1.4142182469788622,
    1.4145405224066123,
    1.414500576273428,
    1.414341950024756,
    1.4142135987497437,
    1.4142321763789663,
    1.4143554280031958,
    1.4143436493018207,
    1.4146090775773363,
    1.4142139379473624,
    1.4142161937723603,
    1.4142178386822697,
    1.4145213583628748,
    1.4142257326809897,
    1.4142257240894962,
    1.4142445707082907,
    1.414276295547511,
    1.4142327736949956,
    1.4142414002025174,
    1.4142382812037455,
    1.4143837757519786,
    1.4142153027825632,
    1.4144361547737307,
    1.4142651213529915,
    1.4142433086883954,
    1.4142221790281175,
    1.4142177034766088,
    1.4142276073462188,
    1.4142840951103017,
    1.41449064015108,
    1.4143473729536116,
    1.4143471991457996,
    1.4142164946675366,
    1.414370594646246,
    1.414214307733047,
    1.4144268935545548,
    1.414308846940012,
    1.4144305664147276,
    1.41421426381535
  ],
  "freq_hz": [
    1.0,
    3.0,
    5.0,
    7.0,
    9.0,
    11.0,
    13.0,
    15.0,
    17.0,
    19.0,
    21.0,
    23.0,
    25.0,
    27.0,
    29.0,
    31.0,
    33.0,
    35.0,
    37.0,
    39.0,
    41.0,
    43.0,
    45.0,
    47.0,
    49.0,
    51.0,
    53.0,
    55.0,
    57.0,
    59.0,
    61.0,
    63.0,
    65.0,
    67.0,
    69.0,
    71.0,
    73.0,
    75.0,
    77.0,
    79.0,
    81.0,
    83.0,
    85.0,
    87.0,
    89.0,
    91.0,
    93.0,
    95.0,
    97.0,
    99.0,
    101.0,
    103.0,
    105.0,
    107.0,
    109.0,
    111.0,
    113.0,
    115.0,
    117.0,
    119.0,
    121.0,
    123.0,
    125.0,
    127.0
  ]
}