{
  "timestamp": 1776731426,
  "golden_angle_rad": 2.399963229728653,
  "golden_angle_deg": 137.50776405003785,
  "G": {
    "mean": 0.5155,
    "std": 0.045329350315220715
  },
  "V2": {
    "mean": 0.9799999999999998,
    "std": 0.014491376746189452,
    "delta_G": 0.4644999999999998,
    "p_vs_G": 8.732637791829415e-05
  },
  "V3": {
    "mean": 0.8065,
    "std": 0.04003436024217197,
    "delta_G": 0.29100000000000004,
    "p_vs_G": 8.819870204194453e-05,
    "delta_V2": -0.17349999999999977,
    "p_vs_V2": 8.745059215649785e-05
  },
  "k_campo_medio": 1.417920726450093,
  "hipotese_confirmada": false
}