{
  "experimento": "TimeSeries_Dual_Fononico",
  "pergunta": "eco_fononico + modo informando → sinergia?",
  "substrato": "séries temporais φ",
  "referencia_historica": {
    "G": "~52%",
    "G_eco_phi": "~90%",
    "G_eco_fononico": "92.80%"
  },
  "n_seeds": 20,
  "n_epochs": 60,
  "n_train": 400,
  "n_test": 100,
  "dim": 128,
  "dim_dual": 256,
  "hidden": 89,
  "timestamp": 1775980582,
  "seeds": [
    1775980582,
    1775980719,
    1775980856,
    1775980993,
    1775981130,
    1775981267,
    1775981404,
    1775981541,
    1775981678,
    1775981815,
    1775981952,
    1775982089,
    1775982226,
    1775982363,
    1775982500,
    1775982637,
    1775982774,
    1775982911,
    1775983048,
    1775983185
  ],
  "resultados": {
    "G": {
      "mean": 0.524,
      "std": 0.04420407221060069,
      "values": [
        0.53,
        0.5,
        0.49,
        0.51,
        0.53,
        0.51,
        0.52,
        0.57,
        0.58,
        0.53,
        0.5,
        0.48,
        0.54,
        0.52,
        0.41,
        0.5,
        0.56,
        0.63,
        0.57,
        0.5
      ]
    },
    "G_eco_phi": {
      "mean": 0.8975,
      "std": 0.03645202326346234,
      "delta": 0.37349999999999994,
      "p_value": 8.745059215649785e-05,
      "values": [
        0.89,
        0.89,
        0.81,
        0.92,
        0.93,
        0.85,
        0.92,
        0.93,
        0.86,
        0.83,
        0.89,
        0.89,
        0.94,
        0.91,
        0.92,
        0.9,
        0.95,
        0.9,
        0.94,
        0.88
      ]
    },
    "G_eco_fononico": {
      "mean": 0.9345000000000001,
      "std": 0.02108909670896312,
      "delta": 0.4105000000000001,
      "p_value": 8.794879347050151e-05,
      "values": [
        0.9,
        0.97,
        0.9,
        0.94,
        0.95,
        0.9,
        0.98,
        0.94,
        0.92,
        0.92,
        0.93,
        0.92,
        0.96,
        0.93,
        0.94,
        0.94,
        0.94,
        0.93,
        0.95,
        0.93
      ]
    },
    "G_dual_phi": {
      "mean": 0.8739999999999999,
      "std": 0.03231098884280705,
      "delta": 0.34999999999999987,
      "p_value": 8.757494073814436e-05,
      "values": [
        0.88,
        0.89,
        0.82,
        0.92,
        0.87,
        0.84,
        0.88,
        0.89,
        0.83,
        0.83,
        0.89,
        0.83,
        0.87,
        0.93,
        0.89,
        0.86,
        0.84,
        0.91,
        0.91,
        0.9
      ]
    },
    "G_dual_fononico": {
      "mean": 0.9200000000000002,
      "std": 0.02810693864511038,
      "delta": 0.39600000000000013,
      "p_value": 8.757494073814436e-05,
      "values": [
        0.92,
        0.97,
        0.88,
        0.95,
        0.92,
        0.89,
        0.94,
        0.93,
        0.88,
        0.87,
        0.95,
        0.89,
        0.92,
        0.94,
        0.94,
        0.93,
        0.88,
        0.93,
        0.92,
        0.95
      ]
    }
  },
  "comparacoes": {
    "dual_fononico_vs_dual_phi": {
      "delta": 0.04600000000000026,
      "p_value": 8.572377593819394e-05
    },
    "dual_fononico_vs_eco_fononico": {
      "delta": -0.014499999999999957,
      "p_value": 0.02151643209777338
    }
  },
  "k_otimos": [
    1.4179136695230659,
    1.4179756906342997,
    1.41781427459786,
    1.4178892219842025,
    1.417869012124519,
    1.4179451945083772,
    1.417798911288107,
    1.417820802568019,
    1.4178534433614272,
    1.4178828929695007,
    1.417800274285579,
    1.4180134758148677,
    1.4179019152119938,
    1.4178789742018285,
    1.4178474388916988,
    1.4179422629222433,
    1.4178679005278862,
    1.4178188608048012,
    1.4179065054279487,
    1.4178690161495497
  ]
}